date,tmax_c,tavg_c,tmin_c,station,source
2010-01-01,15.5,11.6,6.4,SYE00147760,NOAA GHCN daily-summaries
2010-01-02,20.4,14.8,7.6,SYE00147760,NOAA GHCN daily-summaries
2010-01-15,13.1,10.4,,SYE00147760,NOAA GHCN daily-summaries
2010-01-31,13.4,8.9,5.6,SYE00147760,NOAA GHCN daily-summaries
2010-02-15,16.5,12.7,6.7,SYE00147760,NOAA GHCN daily-summaries
2010-02-28,11.3,9.3,7.4,SYE00147760,NOAA GHCN daily-summaries
2010-03-15,26.3,17.6,11.0,SYE00147760,NOAA GHCN daily-summaries
2010-03-31,20.4,13.9,,SYE00147760,NOAA GHCN daily-summaries
2010-04-15,26.1,18.4,9.8,SYE00147760,NOAA GHCN daily-summaries
2010-04-30,24.4,17.6,,SYE00147760,NOAA GHCN daily-summaries
2010-05-15,,26.3,,SYE00147760,NOAA GHCN daily-summaries
2010-05-31,,28.6,18.1,SYE00147760,NOAA GHCN daily-summaries
2010-06-01,39.1,30.9,20.8,SYE00147760,NOAA GHCN daily-summaries
2010-06-15,,24.9,18.7,SYE00147760,NOAA GHCN daily-summaries
2010-06-30,34.7,27.2,18.4,SYE00147760,NOAA GHCN daily-summaries
2010-07-15,37.4,29.7,,SYE00147760,NOAA GHCN daily-summaries
2010-07-31,45.4,35.5,23.8,SYE00147760,NOAA GHCN daily-summaries
2010-08-01,44.4,36.3,26.2,SYE00147760,NOAA GHCN daily-summaries
2010-08-15,42.3,33.9,25.5,SYE00147760,NOAA GHCN daily-summaries
2010-08-31,35.8,28.8,22.2,SYE00147760,NOAA GHCN daily-summaries
2010-09-15,,26.7,19.3,SYE00147760,NOAA GHCN daily-summaries
2010-09-30,35.0,27.8,22.1,SYE00147760,NOAA GHCN daily-summaries
2010-10-15,28.5,23.1,,SYE00147760,NOAA GHCN daily-summaries
2010-10-31,21.5,14.2,,SYE00147760,NOAA GHCN daily-summaries
2010-11-01,22.3,13.4,5.7,SYE00147760,NOAA GHCN daily-summaries
2010-11-15,25.3,17.1,9.3,SYE00147760,NOAA GHCN daily-summaries
2010-11-30,22.8,12.3,4.8,SYE00147760,NOAA GHCN daily-summaries
2010-12-01,22.9,12.7,5.3,SYE00147760,NOAA GHCN daily-summaries
2010-12-15,10.7,7.5,,SYE00147760,NOAA GHCN daily-summaries
2010-12-31,,6.1,,SYE00147760,NOAA GHCN daily-summaries
2012-01-01,,6.8,,SYE00147760,NOAA GHCN daily-summaries
2012-01-15,,9.1,,SYE00147760,NOAA GHCN daily-summaries
2012-01-31,7.9,6.3,4.9,SYE00147760,NOAA GHCN daily-summaries
2012-02-15,14.5,8.5,2.6,SYE00147760,NOAA GHCN daily-summaries
2012-02-29,11.4,6.3,,SYE00147760,NOAA GHCN daily-summaries
2012-03-15,14.1,9.6,,SYE00147760,NOAA GHCN daily-summaries
2012-03-31,17.1,11.3,5.9,SYE00147760,NOAA GHCN daily-summaries
2012-04-15,27.1,18.4,13.0,SYE00147760,NOAA GHCN daily-summaries
2012-04-30,30.3,23.6,,SYE00147760,NOAA GHCN daily-summaries
2012-05-15,26.0,20.5,14.7,SYE00147760,NOAA GHCN daily-summaries
2012-05-31,29.3,22.1,14.7,SYE00147760,NOAA GHCN daily-summaries
2012-06-01,29.2,22.3,14.4,SYE00147760,NOAA GHCN daily-summaries
2012-06-15,43.7,34.4,,SYE00147760,NOAA GHCN daily-summaries
2012-06-16,44.3,36.3,26.9,SYE00147760,NOAA GHCN daily-summaries
2012-06-25,34.2,27.7,21.9,SYE00147760,NOAA GHCN daily-summaries
2012-06-30,,29.4,20.6,SYE00147760,NOAA GHCN daily-summaries
2012-07-15,40.6,33.1,25.4,SYE00147760,NOAA GHCN daily-summaries
2012-07-31,37.1,30.6,25.4,SYE00147760,NOAA GHCN daily-summaries
2012-08-01,38.4,30.7,23.7,SYE00147760,NOAA GHCN daily-summaries
2012-08-15,,27.7,23.3,SYE00147760,NOAA GHCN daily-summaries
2012-08-27,,28.1,21.3,SYE00147760,NOAA GHCN daily-summaries
2012-10-04,30.3,26.1,,SYE00147760,NOAA GHCN daily-summaries
2012-10-16,32.1,22.8,13.9,SYE00147760,NOAA GHCN daily-summaries
2012-10-29,,17.4,,SYE00147760,NOAA GHCN daily-summaries
2012-11-14,,14.5,,SYE00147760,NOAA GHCN daily-summaries
2019-11-20,,11.2,4.0,SYE00147760,NOAA GHCN daily-summaries
2019-11-24,18.6,11.2,5.6,SYE00147760,NOAA GHCN daily-summaries
2019-11-25,17.2,11.0,6.2,SYE00147760,NOAA GHCN daily-summaries
2019-11-29,14.6,10.8,,SYE00147760,NOAA GHCN daily-summaries
2019-12-13,10.4,9.4,8.0,SYE00147760,NOAA GHCN daily-summaries
2019-12-15,10.2,8.9,8.0,SYE00147760,NOAA GHCN daily-summaries
2019-12-17,17.6,9.3,4.7,SYE00147760,NOAA GHCN daily-summaries
2019-12-24,11.8,8.3,4.0,SYE00147760,NOAA GHCN daily-summaries
2019-12-28,8.0,5.9,4.0,SYE00147760,NOAA GHCN daily-summaries
2019-12-29,9.2,7.7,6.2,SYE00147760,NOAA GHCN daily-summaries
2019-12-31,11.0,7.9,6.6,SYE00147760,NOAA GHCN daily-summaries
2020-01-04,10.4,7.8,5.4,SYE00147760,NOAA GHCN daily-summaries
2020-01-18,9.4,6.9,5.1,SYE00147760,NOAA GHCN daily-summaries
2020-02-09,3.6,0.7,-1.4,SYE00147760,NOAA GHCN daily-summaries
2020-02-24,16.6,12.1,7.8,SYE00147760,NOAA GHCN daily-summaries
2020-03-17,17.5,12.4,8.0,SYE00147760,NOAA GHCN daily-summaries
2020-04-16,25.4,17.1,12.0,SYE00147760,NOAA GHCN daily-summaries
2020-05-14,35.5,27.2,18.2,SYE00147760,NOAA GHCN daily-summaries
2020-05-17,37.5,31.8,25.5,SYE00147760,NOAA GHCN daily-summaries
2020-06-07,39.2,30.4,19.5,SYE00147760,NOAA GHCN daily-summaries
2020-06-24,36.0,24.8,19.6,SYE00147760,NOAA GHCN daily-summaries
2020-07-06,39.5,32.1,24.6,SYE00147760,NOAA GHCN daily-summaries
2020-07-23,41.0,32.3,25.0,SYE00147760,NOAA GHCN daily-summaries
2020-07-27,42.4,33.8,23.0,SYE00147760,NOAA GHCN daily-summaries
2020-08-30,41.9,33.2,24.8,SYE00147760,NOAA GHCN daily-summaries
2020-09-04,44.0,34.7,23.6,SYE00147760,NOAA GHCN daily-summaries
2020-09-26,32.0,25.9,19.8,SYE00147760,NOAA GHCN daily-summaries
2020-10-12,31.6,23.1,16.4,SYE00147760,NOAA GHCN daily-summaries
2020-10-25,31.2,21.8,14.7,SYE00147760,NOAA GHCN daily-summaries
2020-11-10,22.0,15.9,12.0,SYE00147760,NOAA GHCN daily-summaries
2020-11-28,16.0,9.7,3.0,SYE00147760,NOAA GHCN daily-summaries
2020-12-17,15.6,12.0,,SYE00147760,NOAA GHCN daily-summaries
2020-12-29,14.0,6.4,1.6,SYE00147760,NOAA GHCN daily-summaries
2021-01-02,,12.2,8.8,SYE00147760,NOAA GHCN daily-summaries
2021-01-12,17.3,11.0,6.4,SYE00147760,NOAA GHCN daily-summaries
2021-01-14,12.0,9.8,7.2,SYE00147760,NOAA GHCN daily-summaries
2021-01-15,,10.1,5.6,SYE00147760,NOAA GHCN daily-summaries
2021-01-16,,10.4,,SYE00147760,NOAA GHCN daily-summaries
2021-01-17,,9.9,,SYE00147760,NOAA GHCN daily-summaries
2021-01-18,13.0,9.6,6.8,SYE00147760,NOAA GHCN daily-summaries
2021-01-19,8.0,5.8,,SYE00147760,NOAA GHCN daily-summaries
2021-01-20,,2.3,,SYE00147760,NOAA GHCN daily-summaries
2021-01-21,,3.3,,SYE00147760,NOAA GHCN daily-summaries
2021-01-22,,2.2,,SYE00147760,NOAA GHCN daily-summaries
2021-01-23,,2.6,,SYE00147760,NOAA GHCN daily-summaries
2021-01-24,10.0,5.7,,SYE00147760,NOAA GHCN daily-summaries
2021-01-25,12.0,4.7,-1.5,SYE00147760,NOAA GHCN daily-summaries
2021-01-27,12.2,10.4,3.6,SYE00147760,NOAA GHCN daily-summaries
2021-01-28,,8.3,5.0,SYE00147760,NOAA GHCN daily-summaries
2021-01-29,,6.3,,SYE00147760,NOAA GHCN daily-summaries
2021-01-30,9.0,4.5,,SYE00147760,NOAA GHCN daily-summaries
2021-01-31,13.4,10.2,7.4,SYE00147760,NOAA GHCN daily-summaries
2021-02-01,11.1,10.0,6.4,SYE00147760,NOAA GHCN daily-summaries
2021-02-02,16.0,13.2,,SYE00147760,NOAA GHCN daily-summaries
2021-02-03,15.4,12.6,8.0,SYE00147760,NOAA GHCN daily-summaries
2021-02-04,,11.8,,SYE00147760,NOAA GHCN daily-summaries
2021-02-05,16.0,12.4,11.0,SYE00147760,NOAA GHCN daily-summaries
2021-02-06,,10.9,,SYE00147760,NOAA GHCN daily-summaries
2021-02-07,,13.6,,SYE00147760,NOAA GHCN daily-summaries
2021-02-08,18.6,10.9,,SYE00147760,NOAA GHCN daily-summaries
2021-02-09,19.0,13.1,9.2,SYE00147760,NOAA GHCN daily-summaries
2021-02-14,19.0,12.3,5.6,SYE00147760,NOAA GHCN daily-summaries
2021-02-15,17.8,9.3,5.0,SYE00147760,NOAA GHCN daily-summaries
2021-02-16,,11.2,,SYE00147760,NOAA GHCN daily-summaries
2021-02-17,,7.3,,SYE00147760,NOAA GHCN daily-summaries
2021-02-18,,6.0,,SYE00147760,NOAA GHCN daily-summaries
2021-02-19,,6.3,-1.0,SYE00147760,NOAA GHCN daily-summaries
2021-02-22,,7.1,-2.4,SYE00147760,NOAA GHCN daily-summaries
2021-02-24,18.5,11.3,2.4,SYE00147760,NOAA GHCN daily-summaries
2021-02-25,17.6,6.4,,SYE00147760,NOAA GHCN daily-summaries
2021-02-26,,11.6,2.4,SYE00147760,NOAA GHCN daily-summaries
2021-02-27,,10.7,,SYE00147760,NOAA GHCN daily-summaries
2021-02-28,20.0,7.3,,SYE00147760,NOAA GHCN daily-summaries
2021-03-01,14.8,12.7,6.6,SYE00147760,NOAA GHCN daily-summaries
2021-03-02,11.2,9.3,4.0,SYE00147760,NOAA GHCN daily-summaries
2021-03-03,,10.7,,SYE00147760,NOAA GHCN daily-summaries
2021-03-04,,11.9,8.0,SYE00147760,NOAA GHCN daily-summaries
2021-03-05,19.2,14.1,,SYE00147760,NOAA GHCN daily-summaries
2021-03-07,,14.1,5.0,SYE00147760,NOAA GHCN daily-summaries
2021-03-08,,12.7,,SYE00147760,NOAA GHCN daily-summaries
2021-03-09,,14.2,,SYE00147760,NOAA GHCN daily-summaries
2021-03-10,18.2,13.6,5.8,SYE00147760,NOAA GHCN daily-summaries
2021-03-11,20.5,15.1,8.0,SYE00147760,NOAA GHCN daily-summaries
2021-03-12,,11.8,,SYE00147760,NOAA GHCN daily-summaries
2021-03-13,17.0,9.0,,SYE00147760,NOAA GHCN daily-summaries
2021-03-14,,13.8,5.0,SYE00147760,NOAA GHCN daily-summaries
2021-03-15,,15.6,,SYE00147760,NOAA GHCN daily-summaries
2021-03-16,20.0,12.6,,SYE00147760,NOAA GHCN daily-summaries
2021-03-17,18.5,10.8,5.0,SYE00147760,NOAA GHCN daily-summaries
2021-03-18,16.2,11.9,7.0,SYE00147760,NOAA GHCN daily-summaries
2021-03-19,18.2,13.0,,SYE00147760,NOAA GHCN daily-summaries
2021-03-20,16.4,11.1,,SYE00147760,NOAA GHCN daily-summaries
2021-03-21,,16.6,4.8,SYE00147760,NOAA GHCN daily-summaries
2021-03-23,,13.3,,SYE00147760,NOAA GHCN daily-summaries
2021-03-24,,11.4,,SYE00147760,NOAA GHCN daily-summaries
2021-03-25,,10.7,,SYE00147760,NOAA GHCN daily-summaries
2021-03-26,,8.3,,SYE00147760,NOAA GHCN daily-summaries
2021-03-27,,9.8,1.6,SYE00147760,NOAA GHCN daily-summaries
2021-03-28,,7.6,,SYE00147760,NOAA GHCN daily-summaries
2021-03-29,,13.4,3.0,SYE00147760,NOAA GHCN daily-summaries
2021-03-30,20.0,13.1,,SYE00147760,NOAA GHCN daily-summaries
2021-03-31,22.5,13.4,8.0,SYE00147760,NOAA GHCN daily-summaries
2021-04-03,,13.0,6.2,SYE00147760,NOAA GHCN daily-summaries
2021-04-04,,15.0,7.4,SYE00147760,NOAA GHCN daily-summaries
2021-04-05,19.0,13.6,,SYE00147760,NOAA GHCN daily-summaries
2021-04-06,25.0,16.1,9.0,SYE00147760,NOAA GHCN daily-summaries
2021-04-07,26.6,19.1,,SYE00147760,NOAA GHCN daily-summaries
2021-04-08,,18.9,,SYE00147760,NOAA GHCN daily-summaries
2021-04-09,22.0,16.3,13.0,SYE00147760,NOAA GHCN daily-summaries
2021-04-10,17.0,12.7,8.0,SYE00147760,NOAA GHCN daily-summaries
2021-04-13,,11.1,4.0,SYE00147760,NOAA GHCN daily-summaries
2021-04-14,21.0,12.9,,SYE00147760,NOAA GHCN daily-summaries
2021-04-16,,18.3,,SYE00147760,NOAA GHCN daily-summaries
2021-04-17,,26.1,,SYE00147760,NOAA GHCN daily-summaries
2021-04-18,,26.8,,SYE00147760,NOAA GHCN daily-summaries
2021-04-19,33.4,22.1,,SYE00147760,NOAA GHCN daily-summaries
2021-04-22,26.0,19.1,12.4,SYE00147760,NOAA GHCN daily-summaries
2021-04-23,,21.5,,SYE00147760,NOAA GHCN daily-summaries
2021-04-26,30.6,21.5,16.8,SYE00147760,NOAA GHCN daily-summaries
2021-04-27,27.0,21.7,13.6,SYE00147760,NOAA GHCN daily-summaries
2021-04-28,31.4,22.3,14.6,SYE00147760,NOAA GHCN daily-summaries
2021-04-29,,23.1,14.6,SYE00147760,NOAA GHCN daily-summaries
2021-04-30,34.4,24.9,18.4,SYE00147760,NOAA GHCN daily-summaries
2021-05-01,32.0,25.2,16.8,SYE00147760,NOAA GHCN daily-summaries
2021-05-02,,26.6,20.0,SYE00147760,NOAA GHCN daily-summaries
2021-05-03,,27.1,,SYE00147760,NOAA GHCN daily-summaries
2021-05-04,35.4,28.4,20.6,SYE00147760,NOAA GHCN daily-summaries
2021-05-05,,25.2,17.0,SYE00147760,NOAA GHCN daily-summaries
2021-05-06,,23.7,19.0,SYE00147760,NOAA GHCN daily-summaries
2021-05-07,,26.5,17.0,SYE00147760,NOAA GHCN daily-summaries
2021-05-08,,27.0,,SYE00147760,NOAA GHCN daily-summaries
2021-05-09,,20.3,,SYE00147760,NOAA GHCN daily-summaries
2021-05-13,31.8,25.2,,SYE00147760,NOAA GHCN daily-summaries
2021-05-14,,25.6,17.4,SYE00147760,NOAA GHCN daily-summaries
2021-05-15,,23.8,,SYE00147760,NOAA GHCN daily-summaries
2021-05-16,,24.5,17.0,SYE00147760,NOAA GHCN daily-summaries
2021-05-17,,25.0,,SYE00147760,NOAA GHCN daily-summaries
2021-05-18,,25.8,,SYE00147760,NOAA GHCN daily-summaries
2021-05-19,34.2,24.5,,SYE00147760,NOAA GHCN daily-summaries
2021-05-21,36.4,28.3,21.0,SYE00147760,NOAA GHCN daily-summaries
2021-05-22,,23.4,20.0,SYE00147760,NOAA GHCN daily-summaries
2021-05-23,,24.6,17.8,SYE00147760,NOAA GHCN daily-summaries
2021-05-26,36.0,25.8,,SYE00147760,NOAA GHCN daily-summaries
2021-05-27,35.2,26.2,,SYE00147760,NOAA GHCN daily-summaries
2021-05-28,,29.2,18.0,SYE00147760,NOAA GHCN daily-summaries
2021-05-29,36.0,25.0,20.0,SYE00147760,NOAA GHCN daily-summaries
2021-05-31,36.3,26.9,16.0,SYE00147760,NOAA GHCN daily-summaries
2021-06-01,,26.4,20.0,SYE00147760,NOAA GHCN daily-summaries
2021-06-02,,23.3,,SYE00147760,NOAA GHCN daily-summaries
2021-06-04,32.0,26.5,16.0,SYE00147760,NOAA GHCN daily-summaries
2021-06-05,32.0,26.5,19.6,SYE00147760,NOAA GHCN daily-summaries
2021-06-06,,26.7,19.0,SYE00147760,NOAA GHCN daily-summaries
2021-06-07,,28.4,18.0,SYE00147760,NOAA GHCN daily-summaries
2021-06-08,,23.2,,SYE00147760,NOAA GHCN daily-summaries
2021-06-10,,26.8,18.0,SYE00147760,NOAA GHCN daily-summaries
2021-06-12,,25.0,,SYE00147760,NOAA GHCN daily-summaries
2021-06-14,,26.6,18.6,SYE00147760,NOAA GHCN daily-summaries
2021-06-15,,24.9,19.4,SYE00147760,NOAA GHCN daily-summaries
2021-06-16,,25.1,19.6,SYE00147760,NOAA GHCN daily-summaries
2021-06-17,,23.8,19.0,SYE00147760,NOAA GHCN daily-summaries
2021-06-18,32.4,24.7,,SYE00147760,NOAA GHCN daily-summaries
2021-06-19,,26.3,21.3,SYE00147760,NOAA GHCN daily-summaries
2021-06-20,,26.1,19.6,SYE00147760,NOAA GHCN daily-summaries
2021-06-21,32.5,26.1,19.2,SYE00147760,NOAA GHCN daily-summaries
2021-06-22,,27.7,20.4,SYE00147760,NOAA GHCN daily-summaries
2021-06-23,31.6,25.7,,SYE00147760,NOAA GHCN daily-summaries
2021-06-24,35.0,26.7,20.4,SYE00147760,NOAA GHCN daily-summaries
2021-06-25,,27.2,21.0,SYE00147760,NOAA GHCN daily-summaries
2021-06-26,,30.1,,SYE00147760,NOAA GHCN daily-summaries
2021-06-27,39.0,35.0,23.0,SYE00147760,NOAA GHCN daily-summaries
2021-06-28,,33.7,23.6,SYE00147760,NOAA GHCN daily-summaries
2021-06-29,40.2,30.8,,SYE00147760,NOAA GHCN daily-summaries
2021-06-30,40.6,32.8,24.0,SYE00147760,NOAA GHCN daily-summaries
2021-07-01,40.5,32.9,25.0,SYE00147760,NOAA GHCN daily-summaries
2021-07-03,37.8,30.3,23.6,SYE00147760,NOAA GHCN daily-summaries
2021-07-04,34.0,27.7,,SYE00147760,NOAA GHCN daily-summaries
2021-07-05,,27.1,,SYE00147760,NOAA GHCN daily-summaries
2021-07-06,35.0,28.4,,SYE00147760,NOAA GHCN daily-summaries
2021-07-07,37.0,30.7,,SYE00147760,NOAA GHCN daily-summaries
2021-07-08,39.0,31.4,23.0,SYE00147760,NOAA GHCN daily-summaries
2021-07-11,,30.8,24.6,SYE00147760,NOAA GHCN daily-summaries
2021-07-12,,32.1,24.0,SYE00147760,NOAA GHCN daily-summaries
2021-07-14,39.0,32.1,,SYE00147760,NOAA GHCN daily-summaries
2021-07-15,37.0,29.0,24.0,SYE00147760,NOAA GHCN daily-summaries
2021-07-16,,32.7,26.0,SYE00147760,NOAA GHCN daily-summaries
2021-07-17,40.5,34.3,27.0,SYE00147760,NOAA GHCN daily-summaries
2021-07-18,,31.1,26.0,SYE00147760,NOAA GHCN daily-summaries
2021-07-19,,32.3,24.4,SYE00147760,NOAA GHCN daily-summaries
2021-07-21,34.4,28.8,23.8,SYE00147760,NOAA GHCN daily-summaries
2021-07-22,,30.2,25.6,SYE00147760,NOAA GHCN daily-summaries
2021-07-23,36.0,30.0,,SYE00147760,NOAA GHCN daily-summaries
2021-07-24,,31.9,24.6,SYE00147760,NOAA GHCN daily-summaries
2021-07-25,,29.1,,SYE00147760,NOAA GHCN daily-summaries
2021-07-26,39.0,31.1,,SYE00147760,NOAA GHCN daily-summaries
2021-07-27,,34.4,23.0,SYE00147760,NOAA GHCN daily-summaries
2021-07-28,,34.4,25.6,SYE00147760,NOAA GHCN daily-summaries
2021-07-29,39.0,30.9,25.2,SYE00147760,NOAA GHCN daily-summaries
2021-07-30,,33.8,25.0,SYE00147760,NOAA GHCN daily-summaries
2021-07-31,,32.6,25.6,SYE00147760,NOAA GHCN daily-summaries
2021-08-01,,33.1,25.0,SYE00147760,NOAA GHCN daily-summaries
2021-08-03,42.6,34.0,25.4,SYE00147760,NOAA GHCN daily-summaries
2021-08-04,43.0,33.7,,SYE00147760,NOAA GHCN daily-summaries
2021-08-05,41.8,33.8,,SYE00147760,NOAA GHCN daily-summaries
2021-08-06,39.0,34.1,28.2,SYE00147760,NOAA GHCN daily-summaries
2021-08-07,,31.6,26.0,SYE00147760,NOAA GHCN daily-summaries
2021-08-08,,29.1,24.2,SYE00147760,NOAA GHCN daily-summaries
2021-08-09,35.0,29.4,24.2,SYE00147760,NOAA GHCN daily-summaries
2021-08-10,35.0,27.2,24.0,SYE00147760,NOAA GHCN daily-summaries
2021-08-11,35.8,31.9,24.6,SYE00147760,NOAA GHCN daily-summaries
2021-08-13,37.0,31.3,24.2,SYE00147760,NOAA GHCN daily-summaries
2021-08-14,35.5,28.3,,SYE00147760,NOAA GHCN daily-summaries
2021-08-15,36.2,28.6,,SYE00147760,NOAA GHCN daily-summaries
2021-08-16,36.0,31.8,24.0,SYE00147760,NOAA GHCN daily-summaries
2021-08-17,,31.2,24.0,SYE00147760,NOAA GHCN daily-summaries
2021-08-20,,31.2,24.8,SYE00147760,NOAA GHCN daily-summaries
2021-08-23,38.4,31.9,26.0,SYE00147760,NOAA GHCN daily-summaries
2021-08-24,36.0,30.7,24.0,SYE00147760,NOAA GHCN daily-summaries
2021-08-25,37.0,30.2,,SYE00147760,NOAA GHCN daily-summaries
2021-08-26,38.3,32.6,22.2,SYE00147760,NOAA GHCN daily-summaries
2021-08-28,40.0,31.4,22.2,SYE00147760,NOAA GHCN daily-summaries
2021-08-29,,30.9,26.0,SYE00147760,NOAA GHCN daily-summaries
2021-08-30,,28.8,,SYE00147760,NOAA GHCN daily-summaries
2021-09-02,,27.9,22.8,SYE00147760,NOAA GHCN daily-summaries
2021-09-03,,27.2,,SYE00147760,NOAA GHCN daily-summaries
2021-09-04,,27.3,18.0,SYE00147760,NOAA GHCN daily-summaries
2021-09-05,35.0,28.4,,SYE00147760,NOAA GHCN daily-summaries
2021-09-06,34.2,27.6,20.0,SYE00147760,NOAA GHCN daily-summaries
2021-09-08,,27.2,21.2,SYE00147760,NOAA GHCN daily-summaries
2021-09-09,,27.9,22.6,SYE00147760,NOAA GHCN daily-summaries
2021-09-10,,28.0,,SYE00147760,NOAA GHCN daily-summaries
2021-09-11,32.0,26.2,22.0,SYE00147760,NOAA GHCN daily-summaries
2021-09-12,,26.2,21.2,SYE00147760,NOAA GHCN daily-summaries
2021-09-13,32.1,24.7,,SYE00147760,NOAA GHCN daily-summaries
2021-09-14,,23.7,,SYE00147760,NOAA GHCN daily-summaries
2021-09-15,,27.3,,SYE00147760,NOAA GHCN daily-summaries
2021-09-16,30.4,23.7,,SYE00147760,NOAA GHCN daily-summaries
2021-09-21,35.2,27.4,21.6,SYE00147760,NOAA GHCN daily-summaries
2021-09-22,,27.9,21.4,SYE00147760,NOAA GHCN daily-summaries
2021-09-23,30.0,23.3,,SYE00147760,NOAA GHCN daily-summaries
2021-09-24,28.0,22.7,,SYE00147760,NOAA GHCN daily-summaries
2021-09-25,,25.2,13.0,SYE00147760,NOAA GHCN daily-summaries
2021-09-26,,19.7,,SYE00147760,NOAA GHCN daily-summaries
2021-09-27,33.0,24.0,13.6,SYE00147760,NOAA GHCN daily-summaries
2021-09-29,,24.2,19.4,SYE00147760,NOAA GHCN daily-summaries
2021-10-02,33.2,25.8,17.6,SYE00147760,NOAA GHCN daily-summaries
2021-10-03,30.4,24.7,,SYE00147760,NOAA GHCN daily-summaries
2021-10-04,,25.1,,SYE00147760,NOAA GHCN daily-summaries
2021-10-05,,24.8,15.4,SYE00147760,NOAA GHCN daily-summaries
2021-10-08,,20.4,12.0,SYE00147760,NOAA GHCN daily-summaries
2021-10-09,,22.1,12.8,SYE00147760,NOAA GHCN daily-summaries
2021-10-11,,23.6,,SYE00147760,NOAA GHCN daily-summaries
2021-10-13,30.4,19.9,17.0,SYE00147760,NOAA GHCN daily-summaries
2021-10-14,29.5,23.3,,SYE00147760,NOAA GHCN daily-summaries
2021-10-15,31.5,22.2,,SYE00147760,NOAA GHCN daily-summaries
2021-10-17,24.6,21.0,16.4,SYE00147760,NOAA GHCN daily-summaries
2021-10-18,,21.1,18.0,SYE00147760,NOAA GHCN daily-summaries
2021-10-21,,17.8,11.2,SYE00147760,NOAA GHCN daily-summaries
2021-10-22,26.2,19.3,,SYE00147760,NOAA GHCN daily-summaries
2021-10-23,28.2,15.7,,SYE00147760,NOAA GHCN daily-summaries
2021-10-24,28.0,17.4,,SYE00147760,NOAA GHCN daily-summaries
2021-10-25,,19.4,11.2,SYE00147760,NOAA GHCN daily-summaries
2021-10-26,,17.4,,SYE00147760,NOAA GHCN daily-summaries
2021-10-29,22.8,19.4,12.6,SYE00147760,NOAA GHCN daily-summaries
2021-10-30,,19.7,15.0,SYE00147760,NOAA GHCN daily-summaries
2021-11-01,19.0,16.8,15.2,SYE00147760,NOAA GHCN daily-summaries
2021-11-02,24.0,16.4,,SYE00147760,NOAA GHCN daily-summaries
2021-11-03,,17.4,12.0,SYE00147760,NOAA GHCN daily-summaries
2021-11-04,27.4,19.4,,SYE00147760,NOAA GHCN daily-summaries
2021-11-05,27.6,18.1,,SYE00147760,NOAA GHCN daily-summaries
2021-11-07,,18.1,,SYE00147760,NOAA GHCN daily-summaries
2021-11-09,,18.2,7.2,SYE00147760,NOAA GHCN daily-summaries
2021-11-10,,13.9,,SYE00147760,NOAA GHCN daily-summaries
2021-11-11,21.0,17.5,,SYE00147760,NOAA GHCN daily-summaries
2021-11-12,,12.7,,SYE00147760,NOAA GHCN daily-summaries
2021-11-13,22.2,13.1,,SYE00147760,NOAA GHCN daily-summaries
2021-11-14,21.4,13.9,,SYE00147760,NOAA GHCN daily-summaries
2021-11-15,22.2,12.7,,SYE00147760,NOAA GHCN daily-summaries
2021-11-16,24.4,14.1,7.5,SYE00147760,NOAA GHCN daily-summaries
2021-11-21,17.8,13.9,,SYE00147760,NOAA GHCN daily-summaries
2021-11-22,19.0,11.4,,SYE00147760,NOAA GHCN daily-summaries
2021-11-23,19.6,13.9,,SYE00147760,NOAA GHCN daily-summaries
2021-11-24,,14.6,7.2,SYE00147760,NOAA GHCN daily-summaries
2021-11-25,26.8,12.9,9.6,SYE00147760,NOAA GHCN daily-summaries
2021-11-26,18.4,13.2,9.2,SYE00147760,NOAA GHCN daily-summaries
2021-11-27,17.0,13.7,,SYE00147760,NOAA GHCN daily-summaries
2021-12-01,,13.4,,SYE00147760,NOAA GHCN daily-summaries
2021-12-02,16.8,8.5,,SYE00147760,NOAA GHCN daily-summaries
2021-12-03,,8.4,,SYE00147760,NOAA GHCN daily-summaries
2021-12-04,15.2,11.7,,SYE00147760,NOAA GHCN daily-summaries
2021-12-05,,11.6,,SYE00147760,NOAA GHCN daily-summaries
2021-12-07,15.4,9.1,2.8,SYE00147760,NOAA GHCN daily-summaries
2021-12-08,14.2,9.9,8.2,SYE00147760,NOAA GHCN daily-summaries
2021-12-09,16.6,10.4,,SYE00147760,NOAA GHCN daily-summaries
2021-12-10,,8.2,,SYE00147760,NOAA GHCN daily-summaries
2021-12-12,17.4,9.7,,SYE00147760,NOAA GHCN daily-summaries
2021-12-13,17.2,11.6,6.0,SYE00147760,NOAA GHCN daily-summaries
2021-12-14,19.2,15.6,9.8,SYE00147760,NOAA GHCN daily-summaries
2021-12-15,16.4,10.9,,SYE00147760,NOAA GHCN daily-summaries
2021-12-16,11.4,10.1,,SYE00147760,NOAA GHCN daily-summaries
2021-12-17,,9.1,,SYE00147760,NOAA GHCN daily-summaries
2021-12-18,13.4,9.8,8.0,SYE00147760,NOAA GHCN daily-summaries
2021-12-20,,8.8,,SYE00147760,NOAA GHCN daily-summaries
2021-12-21,13.5,8.9,7.0,SYE00147760,NOAA GHCN daily-summaries
2021-12-22,9.0,6.9,5.7,SYE00147760,NOAA GHCN daily-summaries
2021-12-23,6.0,4.8,,SYE00147760,NOAA GHCN daily-summaries
2021-12-24,,4.3,1.0,SYE00147760,NOAA GHCN daily-summaries
2021-12-25,6.8,1.6,,SYE00147760,NOAA GHCN daily-summaries
2021-12-26,7.8,2.6,-1.2,SYE00147760,NOAA GHCN daily-summaries
2021-12-27,11.6,5.1,-1.4,SYE00147760,NOAA GHCN daily-summaries
2021-12-28,8.6,2.5,-1.0,SYE00147760,NOAA GHCN daily-summaries
2021-12-29,,5.6,-0.2,SYE00147760,NOAA GHCN daily-summaries
2021-12-30,12.2,8.3,3.0,SYE00147760,NOAA GHCN daily-summaries
2021-12-31,12.6,5.9,1.4,SYE00147760,NOAA GHCN daily-summaries
2022-01-01,,9.1,,SYE00147760,NOAA GHCN daily-summaries
2022-01-02,,8.8,4.0,SYE00147760,NOAA GHCN daily-summaries
2022-01-03,14.2,7.3,,SYE00147760,NOAA GHCN daily-summaries
2022-01-04,16.0,6.1,3.0,SYE00147760,NOAA GHCN daily-summaries
2022-01-05,,9.5,6.4,SYE00147760,NOAA GHCN daily-summaries
2022-01-06,,11.8,,SYE00147760,NOAA GHCN daily-summaries
2022-01-07,16.0,12.3,,SYE00147760,NOAA GHCN daily-summaries
2022-01-08,17.0,12.3,5.2,SYE00147760,NOAA GHCN daily-summaries
2022-01-09,16.0,11.2,,SYE00147760,NOAA GHCN daily-summaries
2022-01-10,16.0,9.8,,SYE00147760,NOAA GHCN daily-summaries
2022-01-11,12.5,8.7,7.0,SYE00147760,NOAA GHCN daily-summaries
2022-01-12,,10.8,,SYE00147760,NOAA GHCN daily-summaries
2022-01-13,,9.5,,SYE00147760,NOAA GHCN daily-summaries
2022-01-14,,8.3,,SYE00147760,NOAA GHCN daily-summaries
2022-01-15,12.3,7.1,1.6,SYE00147760,NOAA GHCN daily-summaries
2022-01-16,9.0,6.0,,SYE00147760,NOAA GHCN daily-summaries
2022-01-17,9.4,2.4,,SYE00147760,NOAA GHCN daily-summaries
2022-01-18,,4.1,,SYE00147760,NOAA GHCN daily-summaries
2022-01-19,,4.7,,SYE00147760,NOAA GHCN daily-summaries
2022-01-20,6.0,1.4,-2.0,SYE00147760,NOAA GHCN daily-summaries
2022-01-21,5.0,1.7,,SYE00147760,NOAA GHCN daily-summaries
2022-01-22,,4.6,0.6,SYE00147760,NOAA GHCN daily-summaries
2022-01-23,7.0,3.7,,SYE00147760,NOAA GHCN daily-summaries
2022-01-24,8.4,3.9,,SYE00147760,NOAA GHCN daily-summaries
2022-01-25,,3.2,-1.8,SYE00147760,NOAA GHCN daily-summaries
2022-01-26,7.0,5.1,3.6,SYE00147760,NOAA GHCN daily-summaries
2022-01-27,,4.5,,SYE00147760,NOAA GHCN daily-summaries
2022-01-28,6.0,1.4,,SYE00147760,NOAA GHCN daily-summaries
2022-01-29,,4.5,2.0,SYE00147760,NOAA GHCN daily-summaries
2022-01-30,,4.4,,SYE00147760,NOAA GHCN daily-summaries
2022-01-31,10.0,6.1,,SYE00147760,NOAA GHCN daily-summaries
2022-02-01,,7.3,1.0,SYE00147760,NOAA GHCN daily-summaries
2022-02-02,14.2,10.3,,SYE00147760,NOAA GHCN daily-summaries
2022-02-03,12.0,8.6,,SYE00147760,NOAA GHCN daily-summaries
2022-02-04,,7.1,,SYE00147760,NOAA GHCN daily-summaries
2022-02-06,12.0,7.0,,SYE00147760,NOAA GHCN daily-summaries
2022-02-07,,7.7,4.6,SYE00147760,NOAA GHCN daily-summaries
2022-02-08,13.0,8.8,5.6,SYE00147760,NOAA GHCN daily-summaries
2022-02-09,16.0,8.1,,SYE00147760,NOAA GHCN daily-summaries
2022-02-10,,5.9,,SYE00147760,NOAA GHCN daily-summaries
2022-02-11,,9.6,,SYE00147760,NOAA GHCN daily-summaries
2022-02-12,,10.0,,SYE00147760,NOAA GHCN daily-summaries
2022-02-13,17.4,7.0,,SYE00147760,NOAA GHCN daily-summaries
2022-02-14,12.2,9.2,,SYE00147760,NOAA GHCN daily-summaries
2022-02-15,,7.6,,SYE00147760,NOAA GHCN daily-summaries
2022-02-16,,10.8,5.0,SYE00147760,NOAA GHCN daily-summaries
2022-02-17,,7.9,,SYE00147760,NOAA GHCN daily-summaries
2022-02-18,,10.0,3.2,SYE00147760,NOAA GHCN daily-summaries
2022-02-19,17.0,12.1,3.6,SYE00147760,NOAA GHCN daily-summaries
2022-02-20,,11.9,6.4,SYE00147760,NOAA GHCN daily-summaries
2022-02-21,,14.4,9.6,SYE00147760,NOAA GHCN daily-summaries
2022-02-22,17.0,12.2,,SYE00147760,NOAA GHCN daily-summaries
2022-02-23,,11.3,,SYE00147760,NOAA GHCN daily-summaries
2022-02-25,13.8,11.2,,SYE00147760,NOAA GHCN daily-summaries
2022-02-26,16.4,10.8,8.8,SYE00147760,NOAA GHCN daily-summaries
2022-02-28,16.4,11.4,,SYE00147760,NOAA GHCN daily-summaries
2022-03-01,15.2,11.7,9.5,SYE00147760,NOAA GHCN daily-summaries
2022-03-02,,11.6,8.8,SYE00147760,NOAA GHCN daily-summaries
2022-03-03,,9.9,,SYE00147760,NOAA GHCN daily-summaries
2022-03-04,,9.4,,SYE00147760,NOAA GHCN daily-summaries
2022-03-05,12.6,8.6,5.2,SYE00147760,NOAA GHCN daily-summaries
2022-03-06,,8.1,4.6,SYE00147760,NOAA GHCN daily-summaries
2022-03-07,,9.1,,SYE00147760,NOAA GHCN daily-summaries
2022-03-08,17.0,12.1,6.4,SYE00147760,NOAA GHCN daily-summaries
2022-03-09,,11.2,,SYE00147760,NOAA GHCN daily-summaries
2022-03-10,15.0,10.7,,SYE00147760,NOAA GHCN daily-summaries
2022-03-11,,5.8,,SYE00147760,NOAA GHCN daily-summaries
2022-03-12,,3.8,2.0,SYE00147760,NOAA GHCN daily-summaries
2022-03-13,,3.8,,SYE00147760,NOAA GHCN daily-summaries
2022-03-14,,5.3,,SYE00147760,NOAA GHCN daily-summaries
2022-03-15,,3.9,,SYE00147760,NOAA GHCN daily-summaries
2022-03-16,,5.6,-1.7,SYE00147760,NOAA GHCN daily-summaries
2022-03-17,11.0,6.2,1.8,SYE00147760,NOAA GHCN daily-summaries
2022-03-18,11.1,8.3,4.0,SYE00147760,NOAA GHCN daily-summaries
2022-03-19,,5.4,2.0,SYE00147760,NOAA GHCN daily-summaries
2022-03-20,,5.5,,SYE00147760,NOAA GHCN daily-summaries
2022-03-21,9.0,5.7,-1.6,SYE00147760,NOAA GHCN daily-summaries
2022-03-22,12.4,7.0,2.2,SYE00147760,NOAA GHCN daily-summaries
2022-03-23,15.0,8.2,,SYE00147760,NOAA GHCN daily-summaries
2022-03-24,,9.3,4.0,SYE00147760,NOAA GHCN daily-summaries
2022-03-25,,6.8,,SYE00147760,NOAA GHCN daily-summaries
2022-03-26,,7.8,1.6,SYE00147760,NOAA GHCN daily-summaries
2022-03-27,15.5,11.2,2.8,SYE00147760,NOAA GHCN daily-summaries
2022-03-28,18.2,10.6,3.6,SYE00147760,NOAA GHCN daily-summaries
2022-03-29,,14.9,3.4,SYE00147760,NOAA GHCN daily-summaries
2022-03-30,22.2,14.8,9.0,SYE00147760,NOAA GHCN daily-summaries
2022-03-31,,15.1,8.2,SYE00147760,NOAA GHCN daily-summaries
2022-04-01,,16.2,,SYE00147760,NOAA GHCN daily-summaries
2022-04-02,28.4,18.4,,SYE00147760,NOAA GHCN daily-summaries
2022-04-03,26.6,19.7,,SYE00147760,NOAA GHCN daily-summaries
2022-04-04,25.4,16.4,,SYE00147760,NOAA GHCN daily-summaries
2022-04-05,27.8,18.1,,SYE00147760,NOAA GHCN daily-summaries
2022-04-06,26.5,18.4,12.2,SYE00147760,NOAA GHCN daily-summaries
2022-04-07,25.4,19.8,,SYE00147760,NOAA GHCN daily-summaries
2022-04-08,21.0,16.3,,SYE00147760,NOAA GHCN daily-summaries
2022-04-09,,19.1,,SYE00147760,NOAA GHCN daily-summaries
2022-04-10,25.0,15.5,,SYE00147760,NOAA GHCN daily-summaries
2022-04-11,,16.5,10.0,SYE00147760,NOAA GHCN daily-summaries
2022-04-12,,14.3,,SYE00147760,NOAA GHCN daily-summaries
2022-04-13,18.0,13.8,8.0,SYE00147760,NOAA GHCN daily-summaries
2022-04-14,,12.6,,SYE00147760,NOAA GHCN daily-summaries
2022-04-15,23.0,15.2,,SYE00147760,NOAA GHCN daily-summaries
2022-04-16,24.2,18.8,8.0,SYE00147760,NOAA GHCN daily-summaries
2022-04-17,,19.2,8.8,SYE00147760,NOAA GHCN daily-summaries
2022-04-18,,22.0,,SYE00147760,NOAA GHCN daily-summaries
2022-04-19,,19.3,,SYE00147760,NOAA GHCN daily-summaries
2022-04-20,23.0,15.7,,SYE00147760,NOAA GHCN daily-summaries
2022-04-21,,15.9,10.0,SYE00147760,NOAA GHCN daily-summaries
2022-04-22,,20.2,,SYE00147760,NOAA GHCN daily-summaries
2022-04-23,31.0,23.4,10.4,SYE00147760,NOAA GHCN daily-summaries
2022-04-24,31.6,21.3,15.0,SYE00147760,NOAA GHCN daily-summaries
2022-04-26,,25.7,17.0,SYE00147760,NOAA GHCN daily-summaries
2022-04-27,31.4,24.9,16.0,SYE00147760,NOAA GHCN daily-summaries
2022-04-28,,27.8,,SYE00147760,NOAA GHCN daily-summaries
2022-04-29,31.2,25.9,18.0,SYE00147760,NOAA GHCN daily-summaries
2022-04-30,29.4,22.9,,SYE00147760,NOAA GHCN daily-summaries
2022-05-01,26.0,19.9,,SYE00147760,NOAA GHCN daily-summaries
2022-05-02,,22.7,15.0,SYE00147760,NOAA GHCN daily-summaries
2022-05-03,,23.3,,SYE00147760,NOAA GHCN daily-summaries
2022-05-04,,20.7,,SYE00147760,NOAA GHCN daily-summaries
2022-05-05,24.1,15.6,11.3,SYE00147760,NOAA GHCN daily-summaries
2022-05-06,23.0,17.6,9.9,SYE00147760,NOAA GHCN daily-summaries
2022-05-07,25.4,17.8,,SYE00147760,NOAA GHCN daily-summaries
2022-05-08,,19.7,10.1,SYE00147760,NOAA GHCN daily-summaries
2022-05-09,,20.3,10.7,SYE00147760,NOAA GHCN daily-summaries
2022-05-10,,19.1,14.4,SYE00147760,NOAA GHCN daily-summaries
2022-05-11,27.2,20.4,,SYE00147760,NOAA GHCN daily-summaries
2022-05-12,,20.3,14.0,SYE00147760,NOAA GHCN daily-summaries
2022-05-13,,22.5,15.0,SYE00147760,NOAA GHCN daily-summaries
2022-05-14,,19.3,13.4,SYE00147760,NOAA GHCN daily-summaries
2022-05-15,28.0,21.8,18.0,SYE00147760,NOAA GHCN daily-summaries
2022-05-16,,22.9,15.4,SYE00147760,NOAA GHCN daily-summaries
2022-05-17,,25.9,14.4,SYE00147760,NOAA GHCN daily-summaries
2022-05-18,,26.3,16.0,SYE00147760,NOAA GHCN daily-summaries
2022-05-19,30.0,22.8,,SYE00147760,NOAA GHCN daily-summaries
2022-05-20,,24.6,,SYE00147760,NOAA GHCN daily-summaries
2022-05-21,28.4,21.8,,SYE00147760,NOAA GHCN daily-summaries
2022-05-22,,22.3,,SYE00147760,NOAA GHCN daily-summaries
2022-05-23,28.0,21.5,15.0,SYE00147760,NOAA GHCN daily-summaries
2022-05-24,27.0,21.9,16.0,SYE00147760,NOAA GHCN daily-summaries
2022-05-25,,24.9,,SYE00147760,NOAA GHCN daily-summaries
2022-05-26,32.4,28.8,17.0,SYE00147760,NOAA GHCN daily-summaries
2022-05-27,,31.1,19.8,SYE00147760,NOAA GHCN daily-summaries
2022-05-28,,30.9,18.2,SYE00147760,NOAA GHCN daily-summaries
2022-05-29,,26.9,20.0,SYE00147760,NOAA GHCN daily-summaries
2022-05-30,,28.4,,SYE00147760,NOAA GHCN daily-summaries
2022-05-31,38.4,27.1,,SYE00147760,NOAA GHCN daily-summaries
2022-06-01,37.4,25.2,,SYE00147760,NOAA GHCN daily-summaries
2022-06-02,,33.6,18.0,SYE00147760,NOAA GHCN daily-summaries
2022-06-03,,26.7,,SYE00147760,NOAA GHCN daily-summaries
2022-06-04,36.8,26.9,,SYE00147760,NOAA GHCN daily-summaries
2022-06-05,35.6,27.3,18.4,SYE00147760,NOAA GHCN daily-summaries
2022-06-06,33.0,26.3,17.3,SYE00147760,NOAA GHCN daily-summaries
2022-06-07,,25.5,,SYE00147760,NOAA GHCN daily-summaries
2022-06-08,34.9,27.4,18.5,SYE00147760,NOAA GHCN daily-summaries
2022-06-09,31.2,24.8,19.8,SYE00147760,NOAA GHCN daily-summaries
2022-06-11,,29.5,18.5,SYE00147760,NOAA GHCN daily-summaries
2022-06-12,,28.8,20.2,SYE00147760,NOAA GHCN daily-summaries
2022-06-13,31.0,24.6,20.6,SYE00147760,NOAA GHCN daily-summaries
2022-06-14,,27.2,19.6,SYE00147760,NOAA GHCN daily-summaries
2022-06-15,31.6,26.5,20.0,SYE00147760,NOAA GHCN daily-summaries
2022-06-16,,32.5,19.6,SYE00147760,NOAA GHCN daily-summaries
2022-06-17,,32.8,,SYE00147760,NOAA GHCN daily-summaries
2022-06-18,,29.1,,SYE00147760,NOAA GHCN daily-summaries
2022-06-19,,31.3,23.0,SYE00147760,NOAA GHCN daily-summaries
2022-06-20,36.4,31.6,20.2,SYE00147760,NOAA GHCN daily-summaries
2022-06-21,31.0,25.8,,SYE00147760,NOAA GHCN daily-summaries
2022-06-22,34.5,28.7,,SYE00147760,NOAA GHCN daily-summaries
2022-06-23,36.0,29.1,,SYE00147760,NOAA GHCN daily-summaries
2022-06-24,,28.3,,SYE00147760,NOAA GHCN daily-summaries
2022-06-25,27.6,23.4,18.4,SYE00147760,NOAA GHCN daily-summaries
2022-06-27,,27.9,18.4,SYE00147760,NOAA GHCN daily-summaries
2022-06-29,,29.7,21.0,SYE00147760,NOAA GHCN daily-summaries
2022-06-30,37.0,29.4,,SYE00147760,NOAA GHCN daily-summaries
2022-07-01,,28.8,,SYE00147760,NOAA GHCN daily-summaries
2022-07-02,,29.1,21.0,SYE00147760,NOAA GHCN daily-summaries
2022-07-03,,28.3,,SYE00147760,NOAA GHCN daily-summaries
2022-07-04,38.5,31.1,20.3,SYE00147760,NOAA GHCN daily-summaries
2022-07-05,38.3,30.3,20.5,SYE00147760,NOAA GHCN daily-summaries
2022-07-06,,29.1,21.4,SYE00147760,NOAA GHCN daily-summaries
2022-07-07,,31.7,22.8,SYE00147760,NOAA GHCN daily-summaries
2022-07-08,,31.0,,SYE00147760,NOAA GHCN daily-summaries
2022-07-09,,27.3,24.0,SYE00147760,NOAA GHCN daily-summaries
2022-07-10,,28.1,22.0,SYE00147760,NOAA GHCN daily-summaries
2022-07-11,,27.2,,SYE00147760,NOAA GHCN daily-summaries
2022-07-12,,31.7,,SYE00147760,NOAA GHCN daily-summaries
2022-07-13,36.8,27.7,23.0,SYE00147760,NOAA GHCN daily-summaries
2022-07-14,,31.2,22.6,SYE00147760,NOAA GHCN daily-summaries
2022-07-16,,30.3,22.4,SYE00147760,NOAA GHCN daily-summaries
2022-07-17,,31.8,,SYE00147760,NOAA GHCN daily-summaries
2022-07-18,,34.2,,SYE00147760,NOAA GHCN daily-summaries
2022-07-19,,30.4,,SYE00147760,NOAA GHCN daily-summaries
2022-07-20,39.0,30.3,25.0,SYE00147760,NOAA GHCN daily-summaries
2022-07-21,,29.9,24.4,SYE00147760,NOAA GHCN daily-summaries
2022-07-22,,32.3,25.0,SYE00147760,NOAA GHCN daily-summaries
2022-07-26,,31.0,,SYE00147760,NOAA GHCN daily-summaries
2022-07-28,,35.1,23.0,SYE00147760,NOAA GHCN daily-summaries
2022-07-29,,33.4,22.7,SYE00147760,NOAA GHCN daily-summaries
2022-07-30,40.0,29.1,,SYE00147760,NOAA GHCN daily-summaries
2022-07-31,,32.2,,SYE00147760,NOAA GHCN daily-summaries
2022-08-01,,31.2,,SYE00147760,NOAA GHCN daily-summaries
2022-08-02,,28.5,,SYE00147760,NOAA GHCN daily-summaries
2022-08-04,40.8,32.5,24.7,SYE00147760,NOAA GHCN daily-summaries
2022-08-05,40.4,31.8,25.4,SYE00147760,NOAA GHCN daily-summaries
2022-08-06,38.3,32.5,,SYE00147760,NOAA GHCN daily-summaries
2022-08-07,,30.3,23.3,SYE00147760,NOAA GHCN daily-summaries
2022-08-08,,29.3,21.0,SYE00147760,NOAA GHCN daily-summaries
2022-08-09,34.0,28.0,23.0,SYE00147760,NOAA GHCN daily-summaries
2022-08-10,,29.0,24.0,SYE00147760,NOAA GHCN daily-summaries
2022-08-11,,29.2,24.0,SYE00147760,NOAA GHCN daily-summaries
2022-08-12,36.0,29.2,24.0,SYE00147760,NOAA GHCN daily-summaries
2022-08-13,,31.2,24.0,SYE00147760,NOAA GHCN daily-summaries
2022-08-14,33.5,29.0,23.8,SYE00147760,NOAA GHCN daily-summaries
2022-08-15,,29.8,23.0,SYE00147760,NOAA GHCN daily-summaries
2022-08-16,,30.9,,SYE00147760,NOAA GHCN daily-summaries
2022-08-17,,29.7,,SYE00147760,NOAA GHCN daily-summaries
2022-08-18,,29.4,22.0,SYE00147760,NOAA GHCN daily-summaries
2022-08-19,35.0,27.2,,SYE00147760,NOAA GHCN daily-summaries
2022-08-20,36.2,28.7,22.0,SYE00147760,NOAA GHCN daily-summaries
2022-08-21,,30.9,,SYE00147760,NOAA GHCN daily-summaries
2022-08-22,35.6,28.4,,SYE00147760,NOAA GHCN daily-summaries
2022-08-23,,29.6,,SYE00147760,NOAA GHCN daily-summaries
2022-08-24,34.0,27.5,,SYE00147760,NOAA GHCN daily-summaries
2022-08-25,,29.8,21.4,SYE00147760,NOAA GHCN daily-summaries
2022-08-26,,30.3,,SYE00147760,NOAA GHCN daily-summaries
2022-08-27,,28.0,,SYE00147760,NOAA GHCN daily-summaries
2022-08-28,,32.9,21.4,SYE00147760,NOAA GHCN daily-summaries
2022-08-29,,30.3,,SYE00147760,NOAA GHCN daily-summaries
2022-08-30,,31.2,,SYE00147760,NOAA GHCN daily-summaries
2022-08-31,,35.1,,SYE00147760,NOAA GHCN daily-summaries
2022-09-01,,33.4,,SYE00147760,NOAA GHCN daily-summaries
2022-09-02,,33.3,25.2,SYE00147760,NOAA GHCN daily-summaries
2022-09-03,,33.9,24.6,SYE00147760,NOAA GHCN daily-summaries
2022-09-04,,31.3,24.2,SYE00147760,NOAA GHCN daily-summaries
2022-09-05,36.4,30.0,22.4,SYE00147760,NOAA GHCN daily-summaries
2022-09-06,,29.4,23.4,SYE00147760,NOAA GHCN daily-summaries
2022-09-07,,27.7,,SYE00147760,NOAA GHCN daily-summaries
2022-09-08,35.0,25.6,,SYE00147760,NOAA GHCN daily-summaries
2022-09-09,,31.6,,SYE00147760,NOAA GHCN daily-summaries
2022-09-10,38.0,31.6,,SYE00147760,NOAA GHCN daily-summaries
2022-09-11,37.0,25.9,,SYE00147760,NOAA GHCN daily-summaries
2022-09-12,,30.5,21.0,SYE00147760,NOAA GHCN daily-summaries
2022-09-14,32.2,27.3,22.0,SYE00147760,NOAA GHCN daily-summaries
2022-09-15,,28.9,20.0,SYE00147760,NOAA GHCN daily-summaries
2022-09-16,,27.9,,SYE00147760,NOAA GHCN daily-summaries
2022-09-17,,29.7,20.0,SYE00147760,NOAA GHCN daily-summaries
2022-09-18,,26.4,21.0,SYE00147760,NOAA GHCN daily-summaries
2022-09-19,34.6,30.8,19.5,SYE00147760,NOAA GHCN daily-summaries
2022-09-20,,28.5,,SYE00147760,NOAA GHCN daily-summaries
2022-09-21,,26.9,,SYE00147760,NOAA GHCN daily-summaries
2022-09-22,,24.7,18.0,SYE00147760,NOAA GHCN daily-summaries
2022-09-24,27.4,23.3,16.5,SYE00147760,NOAA GHCN daily-summaries
2022-09-25,,23.9,16.6,SYE00147760,NOAA GHCN daily-summaries
2022-09-26,,26.5,,SYE00147760,NOAA GHCN daily-summaries
2022-09-27,32.2,24.7,13.0,SYE00147760,NOAA GHCN daily-summaries
2022-09-28,,23.6,17.2,SYE00147760,NOAA GHCN daily-summaries
2022-09-29,,27.2,20.0,SYE00147760,NOAA GHCN daily-summaries
2022-09-30,,28.1,,SYE00147760,NOAA GHCN daily-summaries
2022-10-01,36.0,27.6,,SYE00147760,NOAA GHCN daily-summaries
2022-10-02,,29.6,19.0,SYE00147760,NOAA GHCN daily-summaries
2022-10-03,34.5,25.5,,SYE00147760,NOAA GHCN daily-summaries
2022-10-04,32.0,26.4,,SYE00147760,NOAA GHCN daily-summaries
2022-10-05,,25.5,,SYE00147760,NOAA GHCN daily-summaries
2022-10-06,32.1,24.1,,SYE00147760,NOAA GHCN daily-summaries
2022-10-07,31.8,24.4,,SYE00147760,NOAA GHCN daily-summaries
2022-10-08,28.7,22.9,17.0,SYE00147760,NOAA GHCN daily-summaries
2022-10-09,,22.2,15.2,SYE00147760,NOAA GHCN daily-summaries
2022-10-10,28.0,22.1,,SYE00147760,NOAA GHCN daily-summaries
2022-10-11,29.7,21.1,,SYE00147760,NOAA GHCN daily-summaries
2022-10-12,,23.9,14.0,SYE00147760,NOAA GHCN daily-summaries
2022-10-14,,24.7,,SYE00147760,NOAA GHCN daily-summaries
2022-10-15,,19.8,,SYE00147760,NOAA GHCN daily-summaries
2022-10-16,28.0,24.4,14.6,SYE00147760,NOAA GHCN daily-summaries
2022-10-18,30.0,20.6,,SYE00147760,NOAA GHCN daily-summaries
2022-10-19,28.0,23.7,15.0,SYE00147760,NOAA GHCN daily-summaries
2022-10-20,,20.9,,SYE00147760,NOAA GHCN daily-summaries
2022-10-21,27.0,20.4,,SYE00147760,NOAA GHCN daily-summaries
2022-10-22,24.6,20.6,16.0,SYE00147760,NOAA GHCN daily-summaries
2022-10-23,24.2,20.0,12.4,SYE00147760,NOAA GHCN daily-summaries
2022-10-24,26.0,21.9,14.0,SYE00147760,NOAA GHCN daily-summaries
2022-10-25,26.0,21.7,12.0,SYE00147760,NOAA GHCN daily-summaries
2022-10-26,27.0,21.2,15.0,SYE00147760,NOAA GHCN daily-summaries
2022-10-27,27.0,20.5,15.0,SYE00147760,NOAA GHCN daily-summaries
2022-10-28,,21.1,13.0,SYE00147760,NOAA GHCN daily-summaries
2022-10-29,,17.7,11.0,SYE00147760,NOAA GHCN daily-summaries
2022-10-30,26.4,20.7,10.2,SYE00147760,NOAA GHCN daily-summaries
2022-10-31,24.0,19.8,,SYE00147760,NOAA GHCN daily-summaries
2022-11-01,26.4,20.7,11.0,SYE00147760,NOAA GHCN daily-summaries
2022-11-02,,18.8,10.6,SYE00147760,NOAA GHCN daily-summaries
2022-11-03,25.2,18.5,8.9,SYE00147760,NOAA GHCN daily-summaries
2022-11-04,,17.2,,SYE00147760,NOAA GHCN daily-summaries
2022-11-05,,17.4,,SYE00147760,NOAA GHCN daily-summaries
2022-11-06,24.2,18.1,7.7,SYE00147760,NOAA GHCN daily-summaries
2022-11-07,19.0,14.7,13.0,SYE00147760,NOAA GHCN daily-summaries
2022-11-08,16.8,14.9,12.8,SYE00147760,NOAA GHCN daily-summaries
2022-11-09,,15.7,,SYE00147760,NOAA GHCN daily-summaries
2022-11-10,,15.0,,SYE00147760,NOAA GHCN daily-summaries
2022-11-11,,15.9,8.0,SYE00147760,NOAA GHCN daily-summaries
2022-11-12,22.4,17.1,7.5,SYE00147760,NOAA GHCN daily-summaries
2022-11-13,22.0,15.9,7.0,SYE00147760,NOAA GHCN daily-summaries
2022-11-14,,16.6,6.0,SYE00147760,NOAA GHCN daily-summaries
2022-11-15,,18.1,9.9,SYE00147760,NOAA GHCN daily-summaries
2022-11-16,18.0,14.3,,SYE00147760,NOAA GHCN daily-summaries
2022-11-17,17.7,12.4,8.6,SYE00147760,NOAA GHCN daily-summaries
2022-11-18,22.0,14.9,9.0,SYE00147760,NOAA GHCN daily-summaries
2022-11-19,20.4,14.2,,SYE00147760,NOAA GHCN daily-summaries
2022-11-20,22.6,13.3,,SYE00147760,NOAA GHCN daily-summaries
2022-11-21,20.2,15.5,8.0,SYE00147760,NOAA GHCN daily-summaries
2022-11-22,,15.3,10.2,SYE00147760,NOAA GHCN daily-summaries
2022-11-23,,15.3,7.5,SYE00147760,NOAA GHCN daily-summaries
2022-11-24,,14.3,9.0,SYE00147760,NOAA GHCN daily-summaries
2022-11-25,,12.0,,SYE00147760,NOAA GHCN daily-summaries
2022-11-26,15.2,11.2,,SYE00147760,NOAA GHCN daily-summaries
2022-11-27,,9.1,5.0,SYE00147760,NOAA GHCN daily-summaries
2022-11-28,14.6,12.7,,SYE00147760,NOAA GHCN daily-summaries
2022-11-29,15.4,12.7,,SYE00147760,NOAA GHCN daily-summaries
2022-11-30,14.3,11.9,10.0,SYE00147760,NOAA GHCN daily-summaries
2022-12-01,,13.3,8.7,SYE00147760,NOAA GHCN daily-summaries
2022-12-02,,11.4,5.3,SYE00147760,NOAA GHCN daily-summaries
2022-12-03,18.8,11.2,,SYE00147760,NOAA GHCN daily-summaries
2022-12-04,,10.6,5.2,SYE00147760,NOAA GHCN daily-summaries
2022-12-05,,9.6,,SYE00147760,NOAA GHCN daily-summaries
2022-12-06,10.6,8.5,5.3,SYE00147760,NOAA GHCN daily-summaries
2022-12-07,,9.1,,SYE00147760,NOAA GHCN daily-summaries
2022-12-08,11.2,10.2,,SYE00147760,NOAA GHCN daily-summaries
2022-12-09,12.2,10.0,,SYE00147760,NOAA GHCN daily-summaries
2022-12-10,14.2,8.1,4.0,SYE00147760,NOAA GHCN daily-summaries
2022-12-11,15.0,7.0,,SYE00147760,NOAA GHCN daily-summaries
2022-12-12,12.0,10.9,9.0,SYE00147760,NOAA GHCN daily-summaries
2022-12-13,12.0,10.7,10.0,SYE00147760,NOAA GHCN daily-summaries
2022-12-14,12.0,10.8,,SYE00147760,NOAA GHCN daily-summaries
2022-12-15,,11.6,10.0,SYE00147760,NOAA GHCN daily-summaries
2022-12-16,,10.7,,SYE00147760,NOAA GHCN daily-summaries
2022-12-17,15.4,10.1,,SYE00147760,NOAA GHCN daily-summaries
2022-12-19,,8.3,2.5,SYE00147760,NOAA GHCN daily-summaries
2022-12-20,,8.1,3.4,SYE00147760,NOAA GHCN daily-summaries
2022-12-21,,9.6,,SYE00147760,NOAA GHCN daily-summaries
2022-12-22,14.6,9.8,,SYE00147760,NOAA GHCN daily-summaries
2022-12-23,,8.9,5.8,SYE00147760,NOAA GHCN daily-summaries
2022-12-24,15.6,7.3,,SYE00147760,NOAA GHCN daily-summaries
2022-12-25,,8.3,5.0,SYE00147760,NOAA GHCN daily-summaries
2022-12-26,,7.8,,SYE00147760,NOAA GHCN daily-summaries
2022-12-27,13.2,8.4,,SYE00147760,NOAA GHCN daily-summaries
2022-12-28,14.2,7.8,,SYE00147760,NOAA GHCN daily-summaries
2022-12-29,13.2,6.8,,SYE00147760,NOAA GHCN daily-summaries
2022-12-30,,4.4,,SYE00147760,NOAA GHCN daily-summaries
2022-12-31,,7.3,,SYE00147760,NOAA GHCN daily-summaries
2023-01-01,12.4,6.7,0.5,SYE00147760,NOAA GHCN daily-summaries
2023-01-02,13.0,7.6,-0.4,SYE00147760,NOAA GHCN daily-summaries
2023-01-03,,6.3,,SYE00147760,NOAA GHCN daily-summaries
2023-01-04,,7.6,,SYE00147760,NOAA GHCN daily-summaries
2023-01-05,16.4,7.4,0.0,SYE00147760,NOAA GHCN daily-summaries
2023-01-06,12.6,6.3,,SYE00147760,NOAA GHCN daily-summaries
2023-01-07,10.4,6.4,,SYE00147760,NOAA GHCN daily-summaries
2023-01-08,10.6,4.2,1.0,SYE00147760,NOAA GHCN daily-summaries
2023-01-09,,4.0,,SYE00147760,NOAA GHCN daily-summaries
2023-01-11,10.2,3.8,-0.4,SYE00147760,NOAA GHCN daily-summaries
2023-01-12,8.1,4.8,0.2,SYE00147760,NOAA GHCN daily-summaries
2023-01-13,,3.2,,SYE00147760,NOAA GHCN daily-summaries
2023-01-14,,7.4,6.0,SYE00147760,NOAA GHCN daily-summaries
2023-01-15,11.4,8.8,,SYE00147760,NOAA GHCN daily-summaries
2023-01-16,11.0,9.0,,SYE00147760,NOAA GHCN daily-summaries
2023-01-17,,8.5,,SYE00147760,NOAA GHCN daily-summaries
2023-01-18,,9.6,,SYE00147760,NOAA GHCN daily-summaries
2023-01-19,,8.2,,SYE00147760,NOAA GHCN daily-summaries
2023-01-20,,10.9,3.6,SYE00147760,NOAA GHCN daily-summaries
2023-01-21,15.0,7.6,,SYE00147760,NOAA GHCN daily-summaries
2023-01-22,16.0,8.6,3.0,SYE00147760,NOAA GHCN daily-summaries
2023-01-23,,9.2,5.0,SYE00147760,NOAA GHCN daily-summaries
2023-01-24,,8.9,4.0,SYE00147760,NOAA GHCN daily-summaries
2023-01-25,14.2,7.4,1.4,SYE00147760,NOAA GHCN daily-summaries
2023-01-26,14.0,5.2,,SYE00147760,NOAA GHCN daily-summaries
2023-01-27,,7.7,1.0,SYE00147760,NOAA GHCN daily-summaries
2023-01-28,,9.1,,SYE00147760,NOAA GHCN daily-summaries
2023-01-29,10.4,6.9,,SYE00147760,NOAA GHCN daily-summaries
2023-01-30,9.2,7.7,7.0,SYE00147760,NOAA GHCN daily-summaries
2023-01-31,,7.0,,SYE00147760,NOAA GHCN daily-summaries
2023-02-01,,6.2,1.0,SYE00147760,NOAA GHCN daily-summaries
2023-02-02,,7.4,,SYE00147760,NOAA GHCN daily-summaries
2023-02-03,,6.8,,SYE00147760,NOAA GHCN daily-summaries
2023-02-04,,3.7,3.0,SYE00147760,NOAA GHCN daily-summaries
2023-02-05,6.7,4.6,2.4,SYE00147760,NOAA GHCN daily-summaries
2023-02-06,,6.4,,SYE00147760,NOAA GHCN daily-summaries
2023-02-07,10.0,5.8,,SYE00147760,NOAA GHCN daily-summaries
2023-02-08,,2.7,,SYE00147760,NOAA GHCN daily-summaries
2023-02-09,10.0,4.0,,SYE00147760,NOAA GHCN daily-summaries
2023-02-10,8.0,3.1,,SYE00147760,NOAA GHCN daily-summaries
2023-02-11,9.6,4.6,,SYE00147760,NOAA GHCN daily-summaries
2023-02-12,,6.1,,SYE00147760,NOAA GHCN daily-summaries
2023-02-13,,6.1,,SYE00147760,NOAA GHCN daily-summaries
2023-02-14,,4.6,,SYE00147760,NOAA GHCN daily-summaries
2023-02-15,10.2,4.2,,SYE00147760,NOAA GHCN daily-summaries
2023-02-16,10.8,3.9,,SYE00147760,NOAA GHCN daily-summaries
2023-02-17,,6.2,-1.8,SYE00147760,NOAA GHCN daily-summaries
2023-02-18,13.6,7.2,,SYE00147760,NOAA GHCN daily-summaries
2023-02-19,15.0,8.1,,SYE00147760,NOAA GHCN daily-summaries
2023-02-20,15.0,10.6,2.6,SYE00147760,NOAA GHCN daily-summaries
2023-02-21,17.0,11.3,5.8,SYE00147760,NOAA GHCN daily-summaries
2023-02-22,,12.3,2.6,SYE00147760,NOAA GHCN daily-summaries
2023-02-23,,13.7,4.4,SYE00147760,NOAA GHCN daily-summaries
2023-02-24,18.6,12.3,,SYE00147760,NOAA GHCN daily-summaries
2023-02-25,,8.3,,SYE00147760,NOAA GHCN daily-summaries
2023-02-26,19.6,12.4,,SYE00147760,NOAA GHCN daily-summaries
2023-02-27,19.4,14.4,4.6,SYE00147760,NOAA GHCN daily-summaries
2023-02-28,23.6,17.1,6.2,SYE00147760,NOAA GHCN daily-summaries
2023-03-01,24.2,16.6,,SYE00147760,NOAA GHCN daily-summaries
2023-03-02,23.3,14.8,6.6,SYE00147760,NOAA GHCN daily-summaries
2023-03-03,22.4,17.8,,SYE00147760,NOAA GHCN daily-summaries
2023-03-04,,14.5,9.0,SYE00147760,NOAA GHCN daily-summaries
2023-03-05,,12.4,4.6,SYE00147760,NOAA GHCN daily-summaries
2023-03-06,19.3,13.6,7.6,SYE00147760,NOAA GHCN daily-summaries
2023-03-07,19.0,12.4,4.1,SYE00147760,NOAA GHCN daily-summaries
2023-03-08,,12.8,,SYE00147760,NOAA GHCN daily-summaries
2023-03-09,19.4,13.8,,SYE00147760,NOAA GHCN daily-summaries
2023-03-10,,13.7,,SYE00147760,NOAA GHCN daily-summaries
2023-03-11,22.0,14.2,,SYE00147760,NOAA GHCN daily-summaries
2023-03-12,23.0,14.8,,SYE00147760,NOAA GHCN daily-summaries
2023-03-13,20.0,15.3,12.0,SYE00147760,NOAA GHCN daily-summaries
2023-03-14,,13.4,,SYE00147760,NOAA GHCN daily-summaries
2023-03-15,,12.7,,SYE00147760,NOAA GHCN daily-summaries
2023-03-16,,14.4,,SYE00147760,NOAA GHCN daily-summaries
2023-03-17,16.6,12.0,,SYE00147760,NOAA GHCN daily-summaries
2023-03-18,18.0,13.6,,SYE00147760,NOAA GHCN daily-summaries
2023-03-19,,11.8,9.0,SYE00147760,NOAA GHCN daily-summaries
2023-03-20,,12.7,6.0,SYE00147760,NOAA GHCN daily-summaries
2023-03-21,,14.0,,SYE00147760,NOAA GHCN daily-summaries
2023-03-22,19.2,12.7,,SYE00147760,NOAA GHCN daily-summaries
2023-03-23,20.3,16.8,10.0,SYE00147760,NOAA GHCN daily-summaries
2023-03-24,22.0,18.7,,SYE00147760,NOAA GHCN daily-summaries
2023-03-25,,13.3,12.0,SYE00147760,NOAA GHCN daily-summaries
2023-03-26,,14.7,12.0,SYE00147760,NOAA GHCN daily-summaries
2023-03-27,20.0,13.8,,SYE00147760,NOAA GHCN daily-summaries
2023-03-28,20.2,13.9,,SYE00147760,NOAA GHCN daily-summaries
2023-03-29,,12.2,,SYE00147760,NOAA GHCN daily-summaries
2023-03-30,13.0,9.1,,SYE00147760,NOAA GHCN daily-summaries
2023-03-31,12.0,8.9,2.8,SYE00147760,NOAA GHCN daily-summaries
2023-04-01,,10.2,,SYE00147760,NOAA GHCN daily-summaries
2023-04-02,18.2,14.4,9.2,SYE00147760,NOAA GHCN daily-summaries
2023-04-03,,16.9,8.6,SYE00147760,NOAA GHCN daily-summaries
2023-04-04,,19.8,7.6,SYE00147760,NOAA GHCN daily-summaries
2023-04-05,,17.1,11.2,SYE00147760,NOAA GHCN daily-summaries
2023-04-06,19.6,12.8,,SYE00147760,NOAA GHCN daily-summaries
2023-04-07,23.7,14.0,5.5,SYE00147760,NOAA GHCN daily-summaries
2023-04-08,20.3,14.6,,SYE00147760,NOAA GHCN daily-summaries
2023-04-09,,16.2,13.4,SYE00147760,NOAA GHCN daily-summaries
2023-04-10,25.8,18.6,15.4,SYE00147760,NOAA GHCN daily-summaries
2023-04-11,,17.1,,SYE00147760,NOAA GHCN daily-summaries
2023-04-12,,12.7,,SYE00147760,NOAA GHCN daily-summaries
2023-04-13,,11.8,,SYE00147760,NOAA GHCN daily-summaries
2023-04-14,,15.4,,SYE00147760,NOAA GHCN daily-summaries
2023-04-15,,17.4,,SYE00147760,NOAA GHCN daily-summaries
2023-04-16,25.6,18.4,,SYE00147760,NOAA GHCN daily-summaries
2023-04-17,28.5,20.2,,SYE00147760,NOAA GHCN daily-summaries
2023-04-18,30.0,21.8,,SYE00147760,NOAA GHCN daily-summaries
2023-04-19,,20.6,,SYE00147760,NOAA GHCN daily-summaries
2023-04-20,,18.2,,SYE00147760,NOAA GHCN daily-summaries
2023-04-21,,16.4,10.0,SYE00147760,NOAA GHCN daily-summaries
2023-04-22,,18.6,,SYE00147760,NOAA GHCN daily-summaries
2023-04-23,,20.3,,SYE00147760,NOAA GHCN daily-summaries
2023-04-24,,17.4,,SYE00147760,NOAA GHCN daily-summaries
2023-04-25,25.0,20.4,,SYE00147760,NOAA GHCN daily-summaries
2023-04-26,25.0,17.5,,SYE00147760,NOAA GHCN daily-summaries
2023-04-27,,17.7,,SYE00147760,NOAA GHCN daily-summaries
2023-04-28,,18.6,,SYE00147760,NOAA GHCN daily-summaries
2023-04-29,20.0,15.3,10.4,SYE00147760,NOAA GHCN daily-summaries
2023-04-30,20.0,15.9,10.0,SYE00147760,NOAA GHCN daily-summaries
2023-05-01,23.6,17.7,10.0,SYE00147760,NOAA GHCN daily-summaries
2023-05-02,25.6,18.2,9.1,SYE00147760,NOAA GHCN daily-summaries
2023-05-03,,22.0,9.4,SYE00147760,NOAA GHCN daily-summaries
2023-05-04,,20.8,9.4,SYE00147760,NOAA GHCN daily-summaries
2023-05-05,30.6,24.8,9.4,SYE00147760,NOAA GHCN daily-summaries
2023-05-06,,21.1,,SYE00147760,NOAA GHCN daily-summaries
2023-05-07,,18.4,,SYE00147760,NOAA GHCN daily-summaries
2023-05-08,,19.2,12.6,SYE00147760,NOAA GHCN daily-summaries
2023-05-09,38.0,23.4,13.6,SYE00147760,NOAA GHCN daily-summaries
2023-05-10,30.0,26.3,13.0,SYE00147760,NOAA GHCN daily-summaries
2023-05-11,,29.3,16.2,SYE00147760,NOAA GHCN daily-summaries
2023-05-12,31.4,23.7,,SYE00147760,NOAA GHCN daily-summaries
2023-05-13,,22.2,,SYE00147760,NOAA GHCN daily-summaries
2023-05-14,,25.7,16.8,SYE00147760,NOAA GHCN daily-summaries
2023-05-15,29.0,24.9,15.4,SYE00147760,NOAA GHCN daily-summaries
2023-05-16,,23.4,,SYE00147760,NOAA GHCN daily-summaries
2023-05-17,,25.0,,SYE00147760,NOAA GHCN daily-summaries
2023-05-18,,25.2,,SYE00147760,NOAA GHCN daily-summaries
2023-05-19,,23.0,,SYE00147760,NOAA GHCN daily-summaries
2023-05-20,,21.8,14.8,SYE00147760,NOAA GHCN daily-summaries
2023-05-21,27.0,20.2,,SYE00147760,NOAA GHCN daily-summaries
2023-05-23,,23.9,,SYE00147760,NOAA GHCN daily-summaries
2023-05-24,,25.1,15.4,SYE00147760,NOAA GHCN daily-summaries
2023-05-25,,25.3,,SYE00147760,NOAA GHCN daily-summaries
2023-05-26,,22.4,,SYE00147760,NOAA GHCN daily-summaries
2023-05-27,,28.0,15.6,SYE00147760,NOAA GHCN daily-summaries
2023-05-28,,23.6,,SYE00147760,NOAA GHCN daily-summaries
2023-05-29,28.2,21.6,,SYE00147760,NOAA GHCN daily-summaries
2023-05-30,28.6,23.9,15.0,SYE00147760,NOAA GHCN daily-summaries
2023-05-31,,24.4,15.6,SYE00147760,NOAA GHCN daily-summaries
2023-06-01,31.6,22.5,14.8,SYE00147760,NOAA GHCN daily-summaries
2023-06-02,,28.3,,SYE00147760,NOAA GHCN daily-summaries
2023-06-03,,28.2,,SYE00147760,NOAA GHCN daily-summaries
2023-06-04,,23.9,19.0,SYE00147760,NOAA GHCN daily-summaries
2023-06-05,31.8,24.1,17.0,SYE00147760,NOAA GHCN daily-summaries
2023-06-06,32.8,24.9,15.6,SYE00147760,NOAA GHCN daily-summaries
2023-06-07,35.9,27.1,17.4,SYE00147760,NOAA GHCN daily-summaries
2023-06-08,,27.9,,SYE00147760,NOAA GHCN daily-summaries
2023-06-09,35.2,30.6,22.6,SYE00147760,NOAA GHCN daily-summaries
2023-06-10,34.4,28.8,20.2,SYE00147760,NOAA GHCN daily-summaries
2023-06-11,32.5,26.7,18.6,SYE00147760,NOAA GHCN daily-summaries
2023-06-12,,25.6,19.0,SYE00147760,NOAA GHCN daily-summaries
2023-06-14,,25.9,18.6,SYE00147760,NOAA GHCN daily-summaries
2023-06-15,,27.4,18.4,SYE00147760,NOAA GHCN daily-summaries
2023-06-16,,26.9,20.0,SYE00147760,NOAA GHCN daily-summaries
2023-06-17,,29.2,,SYE00147760,NOAA GHCN daily-summaries
2023-06-18,30.0,25.3,21.8,SYE00147760,NOAA GHCN daily-summaries
2023-06-19,,25.3,18.8,SYE00147760,NOAA GHCN daily-summaries
2023-06-20,31.6,27.4,18.4,SYE00147760,NOAA GHCN daily-summaries
2023-06-21,,29.6,20.0,SYE00147760,NOAA GHCN daily-summaries
2023-06-22,,27.7,,SYE00147760,NOAA GHCN daily-summaries
2023-06-23,,30.0,,SYE00147760,NOAA GHCN daily-summaries
2023-06-24,,31.4,22.4,SYE00147760,NOAA GHCN daily-summaries
2023-06-25,37.2,29.9,,SYE00147760,NOAA GHCN daily-summaries
2023-06-26,,28.8,,SYE00147760,NOAA GHCN daily-summaries
2023-06-27,,28.8,,SYE00147760,NOAA GHCN daily-summaries
2023-06-28,,29.9,23.0,SYE00147760,NOAA GHCN daily-summaries
2023-06-29,34.0,30.1,20.0,SYE00147760,NOAA GHCN daily-summaries
2023-06-30,35.6,27.8,23.0,SYE00147760,NOAA GHCN daily-summaries
2023-07-01,36.1,29.4,22.0,SYE00147760,NOAA GHCN daily-summaries
2023-07-02,,28.7,,SYE00147760,NOAA GHCN daily-summaries
2023-07-03,,30.2,22.4,SYE00147760,NOAA GHCN daily-summaries
2023-07-04,39.2,31.6,,SYE00147760,NOAA GHCN daily-summaries
2023-07-05,39.2,29.5,24.0,SYE00147760,NOAA GHCN daily-summaries
2023-07-06,37.0,28.7,22.7,SYE00147760,NOAA GHCN daily-summaries
2023-07-07,,28.7,23.0,SYE00147760,NOAA GHCN daily-summaries
2023-07-08,,29.0,23.4,SYE00147760,NOAA GHCN daily-summaries
2023-07-09,35.2,30.1,23.6,SYE00147760,NOAA GHCN daily-summaries
2023-07-10,35.0,28.4,21.0,SYE00147760,NOAA GHCN daily-summaries
2023-07-11,36.0,30.3,,SYE00147760,NOAA GHCN daily-summaries
2023-07-12,,31.5,23.5,SYE00147760,NOAA GHCN daily-summaries
2023-07-14,,35.1,22.6,SYE00147760,NOAA GHCN daily-summaries
2023-07-15,42.6,33.4,24.0,SYE00147760,NOAA GHCN daily-summaries
2023-07-16,41.0,33.9,23.6,SYE00147760,NOAA GHCN daily-summaries
2023-07-17,,32.8,,SYE00147760,NOAA GHCN daily-summaries
2023-07-18,39.0,32.0,,SYE00147760,NOAA GHCN daily-summaries
2023-07-19,,35.3,22.2,SYE00147760,NOAA GHCN daily-summaries
2023-07-20,40.0,34.8,22.0,SYE00147760,NOAA GHCN daily-summaries
2023-07-21,40.0,32.4,23.0,SYE00147760,NOAA GHCN daily-summaries
2023-07-22,,32.9,,SYE00147760,NOAA GHCN daily-summaries
2023-07-23,,36.0,26.6,SYE00147760,NOAA GHCN daily-summaries
2023-07-24,,35.4,25.0,SYE00147760,NOAA GHCN daily-summaries
2023-07-25,38.6,31.4,26.0,SYE00147760,NOAA GHCN daily-summaries
2023-07-26,41.0,33.9,,SYE00147760,NOAA GHCN daily-summaries
2023-07-27,39.6,34.0,,SYE00147760,NOAA GHCN daily-summaries
